,refseq_gene_id,chromosome_number,chromosome_scaffold,stand,start,end,gene_name,refseq_transcript_id,accession_number,newid,clone_p_old_micro,SASS_fdr.clone,SASS_fold.clone
1,100222623,4,NC_045002.1,+,38541749,38533216,MSMO1,XM_002199095.5,CK234128,SB010002000B08,0.022473346,1.233139006,0.040328245
2,100222437,1,NC_044998.1,+,58590457,58706374,LRCH1,XR_003960377.2,CK234177,SB010002000H02,0.029250269,0.811792279,0.049853657
8,100190116,2,NC_045000.1,+,66399382,66390628,PAK1IP1,NM_001245584.1,CK234204,SB010003000B10,0.012251141,1.447379299,0.026069847
10,100190149,4A,NC_045003.1,-,16692187,16708232,UPRT,NM_001245673.1,CK234336,SB010006000A04,0.018937491,1.289947588,0.038424123
12,100232599,3,NC_045001.1,+,93329298,93310127,PSEN2,XM_002197645.5,CK234597,SB010010000B05,0.006893388,0.687869223,0.017086276
13,100229104,1,NC_044998.1,+,66525258,66523116,RASL11A,XM_030274965.2,CK234644,SB010010000G09,0.003774104,1.581631398,0.016903354
14,100228960,11,NC_045010.1,+,16292702,16332623,GAN,XM_030282039.2,CK234975,SB010014000H06,0.008447046,0.704839934,0.027092385
15,100221549,Z,NC_045027.1,+,68776147,68411295,PTPRD,XM_032744066.1,CK234986,SB010015000A07,0.004118067,0.732713343,0.044705993
19,100190456,1A,NC_044999.1,+,61765463,61791169,SULT4A1,XR_003963505.2,CK235161,SB010018000C12,0.001130341,1.294905216,0.039027596
21,100226443,10,NC_045009.1,+,5110338,5218038,OTUD7A,XM_030281823.2,CK235355,SB010017000H06,0.021538497,0.742025093,0.039415857
27,100231550,13,NC_045012.1,+,4885770,5503812,TENM2,XM_030284002.2,CK235530,SB010020000F09,0.005160825,0.713410054,0.017631044
33,752001,2,NC_045000.1,+,150611695,150605465,ARC,XM_002186825.5,CK235641,SB010019000G06,0.016749295,1.684272258,0.03252928
34,100231030,19,NC_045017.1,+,3690724,3679823,NSRP1,XM_002195427.5,CK235732,SB010023000A04,0.004559423,1.250298721,0.040328245
35,100230685,4A,NC_045003.1,+,897945,959487,PCDH19,XM_030272399.2,CK235805,SB010023000H08,0.023780917,0.804682241,0.040535519
37,100220040,3,NC_045001.1,+,104395666,104378345,FOSL2,XM_030269194.2,CK235813,SB010024000A07.A,7.76E-05,1.836198601,0.002464845
40,100218718,4,NC_045002.1,+,55746901,55737598,HNRNPD,XR_001122917.3,CK235857,SB010024000E07.A,0.025320787,0.714418852,0.045763099
41,100231563,29,NC_045955.1,+,139955,145733,NR4A1,XM_030259361.2,CK235948,SB010025000F05,0.004815332,1.641782347,0.013380644
42,100220639,10,NC_045009.1,+,16887132,16907847,SYNM,XM_030281153.2,CK301207,SB020002000A06,0.001689594,0.752167843,0.004950011
47,101233244,8,NC_045007.1,+,913755,930203,SRSF11,XM_030279502.2,CK301281,SB020002000G10,0.010844094,0.844534454,0.02447921
53,100223873,3,NC_045001.1,+,84289122,84273107,PNPT1,XM_032747628.1,CK301317,SB020001000C01,0.00210272,1.137721252,0.036677867
55,116806864,W,NC_045028.1,+,5549848,5571714,LOC116806864,XM_032744628.1,CK301352,SB020001000F02,3.15E-05,1.153727157,0.035870132
61,100190590,15,NC_045014.1,+,4077374,4074569,PEBP1,NM_001245480.1,CK301376,SB020001000H04,0.005143114,1.451791735,0.038712346
62,100228058,3,NC_045001.1,+,65557140,65576728,OPN3,XM_030268211.2,CK301424,SB02012A1H11.f1,0.00552573,1.159077672,0.015821601
63,100228289,1,NC_044998.1,+,110276173,110743684,DSCAM,XM_030283877.2,CK301502,SB02012B1E05.f1,0.004254905,0.862062489,0.016179892
64,100224772,3,NC_045001.1,+,55340678,55332179,ACAT2,XM_002189416.3,CK301578,SB02012A2G08.f1,0.000689096,1.162759896,0.03926055
65,100232367,6,NC_045005.1,+,25109033,25118867,DUSP5,XM_002197720.5,CK301696,SB02013A1B08.f1,0.016696883,1.433028758,0.03404995
66,100231895,13,NC_045012.1,+,18388617,18407389,REEP2,XM_030283743.2,CK301724,SB02013A1E02.f1,0.003312742,0.839169231,0.022879246
72,100219355,3,NC_045001.1,+,74259923,74107270,QKI,XM_032747570.1,CK301866,SB02013A2D08.f1,0.003937525,0.706516697,0.041268346
77,100232268,2,NC_045000.1,+,4074926,4155544,CTDSPL,XM_030264202.2,CK301887,SB02013A2F10.f1,0.00483275,0.740745532,0.027087912
83,100225972,1A,NC_044999.1,-,59027948,58971106,C2CD5,XM_030263830.2,CK301946,SB02013B2B11.f1,0.009256072,0.778181075,0.048142815
89,100219601,1A,NC_044999.1,+,56991150,57074807,BRAF,XM_012569232.3,CK301955,SB02013B2C10.f1,0.018978895,0.665789465,0.036508265
91,100218129,2,NC_045000.1,+,24608532,24620649,ASB4,XM_002195138.4,CK301955,SB02013B2C10.f1,0.018978895,0.665789465,0.036508265
92,116808881,12,NC_045011.1,-,7584043,7578402,LOC116808881,XR_004369120.1,CK301955,SB02013B2C10.f1,0.018978895,0.665789465,0.036508265
93,100227746,1A,NC_044999.1,-,6071921,6093780,DHTKD1,XM_030290503.2,CK301955,SB02013B2C10.f1,0.018978895,0.665789465,0.036508265
94,116807829,2,NC_045000.1,-,56835819,56824909,LOC116807829,XR_004367005.1,CK301955,SB02013B2C10.f1,0.018978895,0.665789465,0.036508265
95,115495998,7,NC_045006.1,-,21414146,21364552,LOC115495998,XR_004368392.1,CK301955,SB02013B2C10.f1,0.018978895,0.665789465,0.036508265
96,100227598,15,NC_045014.1,+,10090632,10155427,HECTD4,XM_030285480.2,CK302037,SB02014B1C05.f1,0.004114011,0.733315326,0.026724233
100,100219843,Z,NC_045027.1,+,31364037,31426910,ECPAS,XM_030257666.2,CK302059,SB02014B1E08.f1,0.012974655,0.851065386,0.036508265
101,115497665,18,NC_045016.1,-,2427743,2426168,CENPX,XM_030287530.2,CK302218,SB02015A1D06.f1,0.009379558,0.790796502,0.048692968
102,100218706,10,NC_045009.1,+,9723131,9699174,MYEF2,XM_030281478.2,CK302251,SB02015A1G07.f1,0.022607263,0.833535496,0.047561417
108,115491205,Z,NC_045027.1,+,75961756,75971155,LOC115491205,XR_003957171.2,CK302260,SB02015A1H04.f1,0.024206552,0.733587758,0.040917308
109,100225966,1A,NC_044999.1,-,62510037,62496251,CMAS,XM_030263428.2,CK302260,SB02015A1H04.f1,0.024206552,0.733587758,0.040917308
110,100230880,6,NC_045005.1,+,15575613,15538178,PIK3AP1,XM_030275950.2,CK302260,SB02015A1H04.f1,0.024206552,0.733587758,0.040917308
111,100220040,3,NC_045001.1,+,104395666,104378345,FOSL2,XM_030269194.2,CK302322,SB02015A2B02.f1,6.90E-05,2.689394481,0.002464845
114,115495652,Un,NULL,+,NULL,NULL,LOC115495652,XM_032745799.1,CK302385,SB02015B1G02.f1.A,0.00610606,0.647188507,0.017631044
120,751974,4,NC_045002.1,+,66318854,66042876,ANK2,XM_030272111.2,CK302442,SB02015A2H07.f1,0.007647497,0.778703957,0.03252928
126,100225359,1,NC_044998.1,+,60484219,60445587,INTS6,XM_030273168.2,CK302501,SB02015B2E07.f1,0.025577375,0.761387074,0.042954801
129,100218672,1A,NC_044999.1,-,47357667,47375441,DESI1,XM_002194764.5,CK302548,SB02016A1A10.f1,0.005917036,1.537523447,0.027440965
130,100229108,1A,NC_044999.1,+,51561275,51387799,BTBD11,XM_030263131.2,CK302645,SB02016B1B06.f1,0.006156811,0.752532397,0.022042591
133,115498480,25,NC_045023.1,-,1126803,1123477,LOC115498480,XR_003963811.2,CK302765,SB02016A2H06.f1,0.012007023,0.601270375,0.030667418
134,100190689,3,NC_045001.1,+,84238725,84251192,CFAP36,XM_012572218.3,CK302795,SB02016A2B07.f1,0.007687151,1.181928527,0.029837696
135,100230921,19,NC_045017.1,+,410909,384650,PAFAH1B1,XM_030287990.2,CK302803,SB02016B2A02.f1,0.002570068,0.862976508,0.027706102
137,100219945,15,NC_045014.1,+,12026300,11799746,NCOR2,XM_030285862.2,CK302893,SB02017A1A08.f1,0.007465077,0.822844509,0.017496654
144,100225951,4A,NC_045003.1,+,167352,151818,RBMX,XM_030272366.2,CK302922,SB02017A1D10.f1,0.004196907,0.652140571,0.011686894
149,100231965,Z,NC_045027.1,+,44246927,44239646,STOML2,XM_002190054.5,CK303030,SB02017B1D03.f1,0.000169229,1.224262604,0.025040013
150,100227304,17,NC_045015.1,+,6297093,6204433,FNBP1,XM_030287027.2,CK303050,SB02017B1F03.f1,0.003897612,0.771767042,0.017233104
151,100223630,4A,NC_045003.1,+,6134344,6106678,HEPH,XM_030272491.2,CK303226,SB02003A1G09.f2,0.012068722,0.803664635,0.026724233
152,115494263,3,NC_045001.1,+,28388514,28318607,LOC115494263,XR_003959188.2,CK303226,SB02003A1G09.f2,0.012068722,0.803664635,0.026724233
153,100219392,1A,NC_044999.1,+,21949950,21818934,PTPRZ1,XM_012568937.3,CK303226,SB02003A1G09.f2,0.012068722,0.803664635,0.026724233
158,100227152,7,NC_045006.1,+,22590344,22619902,RFTN2,XM_032749454.1,CK303353,SB02003A2G04.f2,0.017752387,0.659898866,0.038712346
159,116808460,5,NC_045004.1,+,4103673,4091892,LOC116808460,XR_004367970.1,CK303382,SB02014A1A10.f2,0.007348329,0.572464083,0.018175309
160,100223635,1,NC_044998.1,-,24764734,24730754,USF3,XM_030266515.2,CK303393,SB02014A1C01.f2,0.012906309,0.715263525,0.039889042
161,100224067,2,NC_045000.1,+,129283838,129302694,LOC100224067,XM_030266430.2,CK303393,SB02014A1C01.f2,0.012906309,0.715263525,0.039889042
166,100226697,1,NC_044998.1,+,76456426,76231473,NALCN,XM_030276731.2,CK303404,SB02014A1C12.f2,0.017261645,0.635604462,0.03463656
172,100230490,8,NC_045007.1,-,28439343,28442373,METTL18,XM_030279674.2,CK303442,SB02014A1G06.f2,0.015887406,1.263637728,0.040328245
178,100217580,1,NC_044998.1,+,17602616,17610523,ADAMTS1,XM_030264019.2,CK303485,SB02014A2C02.f2,0.003550826,1.362163813,0.011141869
179,100217702,1A,NC_044999.1,+,43252929,43313162,VEZT,XM_030261555.2,CK303557,SB02018A1B01.f1,0.014035955,0.816954452,0.029837696
182,101234119,9,NC_045008.1,+,25537551,25548380,LOC101234119,XR_004368751.1,CK303601,SB02018A1F01.f1,0.004726274,0.680125337,0.033281466
188,101233744,11,NC_045010.1,+,14075668,14072719,NRN1L,XM_030282354.2,CK303641,SB02018B1A07.f1.A,0.00076955,1.241216504,0.012939964
189,100231676,7,NC_045006.1,+,3296059,3244829,FN1,XM_030278468.2,CK303703,SB02018B1D11.f1,0.014280241,0.607561539,0.033281466
192,100223779,1A,NC_044999.1,+,40729077,40679893,CEP290,XM_030260898.2,CK303713,SB02018B1E09.f1,0.027013861,0.775755091,0.043730098
198,100220867,6,NC_045005.1,-,17055407,17124844,MAPK8,XM_030276019.2,CK303913,SB02024A1A08.f1,2.06E-05,1.196101515,0.022217103
204,100227304,17,NC_045015.1,+,6297093,6204433,FNBP1,XM_030287027.2,CK303936,SB02022A1D03.f1,0.002441947,0.752703717,0.006857532
205,100220783,Z,NC_045027.1,+,29698850,29705842,TMED7,XM_032744193.1,CK304194,SB02022B2A05.f1,0.000999511,0.730499034,0.003590575
206,100219639,17,NC_045015.1,+,1329112,1320463,PRPF4,XM_030286331.2,CK304203,SB02022B2B05.f1,0.004595187,1.167782592,0.012946413
207,100219924,6,NC_045005.1,+,18558713,18651009,HECTD2,XM_002188939.5,CK304231,SB02022B2H02.f1,0.018622267,0.675349692,0.036479012
208,100228006,2,NC_045000.1,+,73198243,73107192,NFX1,XM_032746886.1,CK304410,SB02023A2F02.f1,0.003548184,0.774229533,0.010324291
209,100231732,12,NC_045011.1,+,16271127,16088425,DOCK3,XM_030282931.2,CK304581,SB02023B2F05.f1,0.003198474,0.789033692,0.010580604
215,100222248,Z,NC_045027.1,+,74473997,74562847,ZNF462,XM_002188320.5,CK304607,SB02025A1A03.f1,0.020483925,0.815347939,0.042095809
218,100223610,Z,NC_045027.1,+,65256858,65299312,MRPS27,XM_002194777.5,CK304617,SB02025A1B02.f1,0.001169434,1.135817272,0.036174911
220,100225688,15,NC_045014.1,+,11580256,11575298,EIF2B1,XM_002190086.4,CK304740,SB02025B1F11.f1,0.015340015,1.340119439,0.03463656
222,100225288,13,NC_045012.1,+,14925522,14922160,THOC3,XM_002197614.4,CK304818,SB02025A2F01.f1,0.009569599,1.315442739,0.026591206
223,100218327,1,NC_044998.1,+,107167123,106979482,CASK,XM_030282926.2,CK304827,SB02025A2F11.f1,0.020356466,0.838348183,0.03926055
229,100221511,1A,NC_044999.1,+,48462956,48299490,CACNA1I,XM_030262969.2,CK304929,SB02025B2F05.f1,0.007009537,0.680172242,0.018378298
235,100230000,7,NC_045006.1,+,28016404,28138811,UNC80,XM_030277990.2,CK304956,SB02025B2H11.f1,0.00102427,0.641465022,0.005193942
241,100223681,9,NC_045008.1,+,25350208,25355645,COMMD2,XM_030280371.2,CK304971,SB02027A1A07.f1,3.64E-05,1.127075504,0.03939463
242,100231529,5,NC_045004.1,+,17649015,17615827,LOC100231529,XM_030274046.2,CK305067,SB02027B1A07.f1,0.018995247,1.293871875,0.045404776
245,100220944,7,NC_045006.1,+,37463937,37457659,NR4A2,XM_030278207.2,CK305076,SB02027B1B05.f1,0.014412744,1.29060518,0.036677867
247,100222021,7,NC_045006.1,+,746999,569772,HDAC4,XM_030276974.2,CK305119,SB02027B1F03.f1.A,0.012937289,0.781074157,0.028196062
253,100190424,23,NC_045021.1,+,530071,532355,C23H1orf109,XM_032752470.1,CK305193,SB02027A2E10.f1,0.016795964,0.830193241,0.039948706
254,115497926,20,NC_045018.1,+,12723520,12715119,LOC115497926,XR_004369597.1,CK305193,SB02027A2E10.f1,0.016795964,0.830193241,0.039948706
255,100223512,21,NC_045019.1,-,4316529,4308153,LOC100223512,XM_030289389.2,CK305193,SB02027A2E10.f1,0.016795964,0.830193241,0.039948706
256,116807714,1A,NC_044999.1,+,62372787,62365433,LOC116807714,XM_032746347.1,CK305193,SB02027A2E10.f1,0.016795964,0.830193241,0.039948706
257,100225308,24,NC_045022.1,+,249129,202844,PRDM10,XM_030291064.2,CK305193,SB02027A2E10.f1,0.016795964,0.830193241,0.039948706
259,100228798,2,NC_045000.1,-,132773438,132756117,SLC25A32,XM_030267182.2,CK305193,SB02027A2E10.f1,0.016795964,0.830193241,0.039948706
260,115495138,4,NC_045002.1,-,70186569,70155411,LOC115495138,XR_004367843.1,CK305193,SB02027A2E10.f1,0.016795964,0.830193241,0.039948706
261,100231821,4,NC_045002.1,+,31207288,31352184,SORBS2,XM_032748093.1,CK305198,SB02027A2F03.f1,0.002453556,0.708434108,0.006857532
267,116808073,3,NC_045001.1,+,88501288,88513427,LOC116808073,XR_004367410.1,CK305254,SB02027B2B08.f1,0.028794821,0.731619449,0.049126565
268,115490629,27,NC_045025.1,+,4662245,4670595,LOC115490629,XR_003956693.2,CK305323,SB02029A1F03.f1,0.004674974,0.726555558,0.015184968
269,100219949,23,NC_045021.1,+,2516148,2509226,AK2,XM_030290640.2,CK305445,SB02029A2A09.f1,0.015887406,1.228219164,0.034338833
271,100220881,15,NC_045014.1,+,10274468,10323540,ATXN2,XM_030285759.2,CK305490,SB02029B1A06.f1,0.007241549,0.826637964,0.040328245
277,100227528,18,NC_045016.1,+,7925382,7930029,SRSF2,XM_012578548.3,CK305566,SB02029A2H02.f1,0.018958174,0.817028671,0.036152023
278,100220697,18,NC_045016.1,-,7931677,7928483,METTL23,XM_030287424.2,CK305566,SB02029A2H02.f1,0.018958174,0.817028671,0.036152023
283,100227462,18,NC_045016.1,+,9351002,9492395,CACNA1G,XM_030287713.2,CK306115,SB02033A2A10.f1,0.011701179,0.760763432,0.025266463
289,100230593,3,NC_045001.1,+,103418858,103436064,BROX,XM_002188856.5,CK306125,SB02033A2B10.f1,0.001054758,0.748546472,0.005311003
291,100231791,6,NC_045005.1,+,5157458,5315875,JMJD1C,XM_030276690.2,CK306130,SB02033A2C04.f1,0.01493621,0.833512143,0.038220525
297,100219531,Z,NC_045027.1,+,15648592,15708568,TTC37,XM_030258049.2,CK306149,SB02033A2D11.f1,0.014002981,0.73423164,0.028196062
303,100226295,24,NC_045022.1,+,7052659,7047917,REXO2,XM_002189518.5,CK306179,SB02033A2G09.f1,0.000120897,1.163779931,0.013435831
304,115490573,2,NC_045000.1,+,151413754,151397893,EEF1D,XM_030266832.2,CK306245,SB02033B1E10.f1,0.005513359,1.156346879,0.045112087
307,100226116,Z,NC_045027.1,+,64008500,64007514,MED18,XM_002188042.5,CK306263,SB02033B1G04.f1,4.54E-05,1.191434146,0.016623537
308,100225698,Z,NC_045027.1,+,29575459,29535975,LVRN,XM_032744188.1,CK306274,SB02033B1H04.f1,0.020337999,0.71150047,0.038712346
309,115490978,Z,NC_045027.1,-,29507204,29540527,LOC115490978,XR_003956920.2,CK306274,SB02033B1H04.f1,0.020337999,0.71150047,0.038712346
310,100223389,Z,NC_045027.1,+,17753344,17499899,ADGRV1,XM_030258702.2,CK306286,SB02033B2C11.f1,0.003840206,0.617781076,0.011611671
316,100224567,7,NC_045006.1,+,13166708,13077952,LOC100224567,XM_030278391.2,CK306372,SB02034A1A07.f1,0.006265583,0.803533588,0.030766213
322,100227214,3,NC_045001.1,+,1453909,1434252,FAM167A,XM_002187082.4,CK306378,SB02034A1B02.f1,0.002252698,1.341778645,0.022042591
323,100231954,Z,NC_045027.1,+,47942518,47866367,RICTOR,XM_030258691.2,CK306399,SB02034A1D01.f1,0.00108015,0.715794913,0.009720642
325,116806940,W,NC_045028.1,+,8583958,8577993,LOC116806940,XR_004365983.1,CK306448,SB02034A1H07.f1,0.018348196,0.752935318,0.03939463
328,115493820,2,NC_045000.1,+,93307960,93312478,LOC115493820,XM_030265874.2,CK306448,SB02034A1H07.f1,0.018348196,0.752935318,0.03939463
329,100230000,7,NC_045006.1,+,28016404,28138811,UNC80,XM_030278001.2,CK306505,SB02034A2E02.f1,0.020260617,0.795170177,0.038263143
335,100227610,2,NC_045000.1,+,77642300,77393874,TRIO,XM_030267063.2,CK306534,SB02034A2G08.f1,0.02768646,0.851211087,0.045555867
336,100229361,18,NC_045016.1,+,7585971,7684429,TNRC6C,XM_030287645.2,CK306839,SB02041B2F10.f1,0.002524053,0.654062583,0.013459149
342,100230164,8,NC_045007.1,+,15410291,15464669,PKN2,XM_030279120.2,CK306841,SB02041B2G01.f1,0.003992482,0.759129116,0.010324291
343,100223574,10,NC_045009.1,+,3767238,3785513,SHF,XM_012578296.3,CK306946,SB02042A1H05.f1,0.016318155,1.296608951,0.040511477
345,100230761,12,NC_045011.1,-,11457250,11449757,RPN1,XM_030283433.2,CK306997,SB02042A2E06.f1,0.009880344,1.30185247,0.022238316
347,100221978,5,NC_045004.1,+,10802727,10866672,DENND5A,XM_030273805.2,CK307069,SB02042B1C03.f1,0.004961495,0.520360745,0.018330785
350,100222248,Z,NC_045027.1,+,74473997,74562847,ZNF462,XM_002188320.5,CK307108,SB02042B1F11.f1,0.00125289,0.851321351,0.049772798
353,105760846,10,NC_045009.1,+,8536708,8539945,BCL2L10,XM_030281400.2,CK307147,SB02042B2C04.f1.A,0.025122725,0.819413495,0.043852464
354,100228445,4A,NC_045003.1,+,5144904,5130113,RAB41,XM_004177223.4,CK307305,SB02043A2D05.f1,0.001828173,1.367793296,0.041268346
356,100223131,26,NC_045024.1,+,4468531,4457376,LOC100223131,XM_002195476.5,CK307354,SB02043A2B05.f1,0.016384397,1.449605608,0.032394952
357,100219901,1,NC_044998.1,+,83072758,83133712,UBE3A,XM_012569608.3,CK307438,SB02043B1A05.f1,0.007762281,0.695119671,0.02447921
362,100229209,2,NC_045000.1,+,95811631,95891052,NETO1,XM_030265910.2,CK307488,SB02043B2B05.f1,0.016462743,0.637634245,0.045391769
365,100222248,Z,NC_045027.1,+,74473997,74562847,ZNF462,XM_030257395.2,CK307496,SB02043B2C02.f1,0.003548184,0.817115218,0.024651152
368,100230834,10,NC_045009.1,+,20370658,20357385,TUBGCP4,XM_002190084.4,CK307548,SB02043B2H01.f1,0.003991994,0.530500594,0.010411638
373,100221096,1A,NC_044999.1,+,70047440,70033190,MRPS35,XM_012569340.3,CK307623,SB02044A1H08.f1,0.009094721,1.236037441,0.036474737
374,105760094,5,NC_045004.1,+,59711863,59705211,TMX1,XM_030273233.2,CK307656,SB02044A2B02.f1,0.012110198,1.125076113,0.026591206
375,115493848,2,NC_045000.1,+,102118239,102102802,LOC115493848,XR_003958819.2,CK307661,SB02044A2B07.f1,0.015733154,0.78712208,0.040328245
376,100225951,4A,NC_045003.1,+,167352,151818,RBMX,XR_004367856.1,CK307743,SB02044B1B03.f1,0.010913639,0.736579893,0.029899468
382,100231052,1,NC_044998.1,+,37160512,36950102,MAML2,XM_030269692.2,CK307748,SB02044B1B09.f1,0.025353991,0.833748511,0.045391769
383,100224567,7,NC_045006.1,+,13166708,13077952,LOC100224567,XM_032749583.1,CK307831,SB02044B2B09.f1,0.00859216,0.842355132,0.041927497
389,116809146,19,NC_045017.1,+,10831669,10833881,FZD9,XM_032751869.1,CK308061,SB02045A2H02.f1,0.019139093,1.172114269,0.049221544
390,100218171,3,NC_045001.1,+,88036701,88001364,JAG1,XM_012572272.3,CK308079,SB02045B1B01.f1,0.000775192,0.751784726,0.003292567
391,100231676,7,NC_045006.1,+,3296059,3244829,FN1,XM_030278470.2,CK308154,SB02045B2D06.f1,0.007761335,0.559969818,0.023032732
397,100218873,27,NC_045025.1,+,2466614,2464445,NKIRAS2,XM_030256258.2,CK308310,SB02046A1G12.f1,0.005045828,1.329705664,0.029992391
399,100190022,17,NC_045015.1,+,7023754,6941237,MED27,NM_001245331.2,CK308385,SB02046A2F10.f1,0.000803467,1.200188293,0.045555867
400,115491228,Z,NC_045027.1,+,9040058,9092991,LOC115491228,XR_004365894.1,CK308451,SB02046B1E09.f1,0.001052185,0.528154771,0.00538763
401,100231821,4,NC_045002.1,+,31207288,31352184,SORBS2,XM_032748094.1,CK308486,SB02046B1H12.f1,0.008705449,0.782253193,0.026069847
407,100222566,10,NC_045009.1,+,7318091,7366361,RFX7,XM_030281090.2,CK308525,SB02046B2D04.f1,0.000742853,0.787153053,0.034514058
408,100218977,23,NC_045021.1,+,4167006,4136074,HNRNPR,XM_030290452.2,CK308581,SB02047A1G01.f1,0.011890972,0.567471728,0.025281839
412,100226646,1,NC_044998.1,+,81699600,81801001,HERC2,XM_030277734.2,CK308857,SB02047B2D02.f1,0.001174493,0.760958087,0.007399765
416,100008579,13,NC_045012.1,+,18414596,18417546,EGR1,NM_001080957.1,CK308891,SB02047B2F12.f1.A,0.001920985,1.349989936,0.007675612
417,100218117,1A,NC_044999.1,+,3044836,3092280,PODXL,XR_004369749.1,CK308962,SB02048A1E09.f1,0.021676033,0.739671786,0.039027596
420,116806888,W,NC_045028.1,+,14344516,14176193,LOC116806888,XM_032744709.1,CK309014,SB02048A2B06.f1,0.00866098,0.88533423,0.039321213
423,100231891,21,NC_045019.1,+,633082,620848,ENO1,XM_002188853.4,CK309382,SB02049A2C07.f1,0.003508473,1.488932463,0.009720642
425,100225303,15,NC_045014.1,+,58689,7998,MORC2,XR_004369294.1,CK309508,SB02049B2A04.f1,0.028788732,0.738067403,0.048608229
427,115493820,2,NC_045000.1,-,93307960,93312478,LOC115493820,XM_030265874.2,CK309547,SB02049B2D01.f1,0.025687442,0.685153779,0.043730098
428,115490629,27,NC_045025.1,-,4662245,4670595,LOC115490629,XR_003956693.2,CK309547,SB02049B2D01.f1,0.025687442,0.685153779,0.043730098
429,115496773,11,NC_045010.1,+,19582928,19580330,LOC115496773,XR_003962292.2,CK309547,SB02049B2D01.f1,0.025687442,0.685153779,0.043730098
430,105759192,4,NC_045002.1,+,59449959,59423239,MGARP,XR_004367777.1,CK309562,SB02049B2E04.f1,0.007303925,0.594356861,0.021024377
433,100221182,8,NC_045007.1,+,2935726,2587051,NFIA,XM_004174320.4,CK309615,SB02003B1B11.f1,0.017371622,0.827407375,0.03404995
439,100219160,Z,NC_045027.1,-,57222406,57259527,GOLM1,XM_002190379.4,CK309677,SB02003B1H10.f1.M,0.001990707,0.89672422,0.009518391
440,100221024,Z,NC_045027.1,+,57286539,57258736,NAA35,XM_002191741.5,CK309677,SB02003B1H10.f1.M,0.001990707,0.89672422,0.009518391
443,100220837,8,NC_045007.1,+,802014,897954,LRRC7,XM_030279495.2,CK309851,SB02004B1E03.f1,0.002529694,0.778082363,0.047163533
447,100219766,26,NC_045024.1,+,2613931,2632379,ZC3H11A,XM_032753040.1,CK309889,SB02004A2A08.f1,0.022560604,0.648610291,0.048142815
449,100231191,Z,NC_045027.1,+,72878150,72859938,HAUS6,XM_030257879.2,CK309960,SB02004B1C05.f1,0.023246353,0.855489221,0.04180945
450,100223296,19,NC_045017.1,+,2320677,2267631,MED13,XM_002199200.5,CK309971,SB02004B1H05.f1.A,0.020864575,0.871856126,0.04609797
451,100228188,24,NC_045022.1,+,202548,183617,NFRKB,XM_012570800.3,CK310111,SB02005A1B05.f1,0.000678462,0.773766587,0.003292567
454,100218561,7,NC_045006.1,+,21134870,21111274,NOP58,XM_002189189.5,CK310174,SB02005A1E04.f1,0.021719567,1.263574761,0.047061992
455,100217979,23,NC_045021.1,+,2230605,2236549,TMEM39B,NM_001177553.2,CK310285,SB02005A2E04.f1,0.012068722,0.823370157,0.029929802
456,100230624,Z,NC_045027.1,+,57937737,57958473,HNRNPK,XM_030259008.2,CK310285,SB02005A2E04.f1,0.012068722,0.823370157,0.029929802
462,100232015,13,NC_045012.1,+,14702059,14655056,RNF145,XM_030283794.2,CK310376,SB02005B2E10.f1,0.002801056,1.385483173,0.007950602
464,100231140,17,NC_045015.1,+,208707,175468,ABCA2,XM_030286904.2,CK310381,SB02005B2F04.f1,0.008500742,0.840717258,0.031671205
470,116808653,8,NC_045007.1,+,18243615,18195470,LOC116808653,XR_004368575.1,CK310619,SB02006B1F03.f1,0.016934503,0.646503644,0.033281466
476,100224144,3,NC_045001.1,+,68241186,68273114,TARBP1,XM_030268268.2,CK310786,SB02007A1C08.f1,0.028124607,0.720274166,0.047045514
477,100219104,5,NC_045004.1,+,30974034,30778553,RYR3,XM_030274523.2,CK310791,SB02007A1D06.f1,0.004718757,0.645627331,0.020835374
483,100231954,Z,NC_045027.1,+,47942518,47866367,RICTOR,XM_030258692.2,CK310822,SB02007A1G03.f1,0.008058233,0.735901267,0.036677867
485,100225966,1A,NC_044999.1,+,62510037,62496251,CMAS,XM_030263428.2,CK310853,SB02007A2B09.f1,0.019917618,0.686142121,0.036677867
486,100222912,5,NC_045004.1,+,8739227,8742320,FEN1,XM_030273607.2,CK310873,SB02007B1B09.f1,0.002921587,1.230758806,0.043730098
487,100223618,1,NC_044998.1,+,19714638,19721775,TIPRL,XM_004177105.4,CK310927,SB02007B1G10.f1,0.000648572,0.862503854,0.040535519
488,100219883,3,NC_045001.1,+,54573111,54503066,SGK1,XM_002191033.5,CK310980,SB02007A2G05.f1,0.021080363,1.444872163,0.041031681
491,100144433,5,NC_045004.1,+,13683742,13807406,KCNC1,XM_012574108.3,CK310999,SB02007B2A01.f1,0.017434606,0.732338134,0.033281466
492,100228092,28,NC_045026.1,+,5378894,5366345,BSG,XM_030256598.2,CK311089,SB02008A1A03.f1,0.000844568,1.274744498,0.048204922
494,100219986,20,NC_045018.1,+,7952379,7947244,SCRT2,XM_002193257.3,CK311089,SB02008A1A03.f1,0.000844568,1.274744498,0.048204922
495,100225617,27,NC_045025.1,+,627357,587982,MAPT,XM_030256096.2,CK311127,SB02008A1G03.f1,0.011429784,0.761987917,0.027092385
501,100218454,Z,NC_045027.1,+,41891373,42599538,CELF4,XM_030258271.2,CK311176,SB02008B1A04.f1,0.002486408,0.886287894,0.042118735
507,100190650,2,NC_045000.1,+,113583013,113601440,RGS20,XM_030263999.2,CK311295,SB02008B1F03.f1,0.00210272,0.483663346,0.00593219
508,100229894,6,NC_045005.1,+,6233277,6424792,ANK3,XM_032749077.1,CK311298,SB02008B1F07.f1,0.009059991,0.74286643,0.026952814
514,100219299,3,NC_045001.1,+,68669773,68820598,PCNX2,XM_030268277.2,CK311348,SB02008B2A04.f1,0.028522617,0.846875106,0.045262564
516,100190497,2,NC_045000.1,+,26811591,26807513,NDUFA4,NM_001245229.1,CK311571,SB02009B1E07.f1,0.016579462,0.750816734,0.039123566
517,100226248,Z,NC_045027.1,+,16009840,15972900,SLF1,XM_032744312.1,CK311584,SB02009B1F10.f1,0.015568226,0.819420072,0.040611984
523,100217886,4A,NC_045003.1,+,9537498,9488270,THOC2,XM_030272624.2,CK311588,SB02009B1G02.f1,0.000301981,0.797953777,0.010324291
526,100221549,Z,NC_045027.1,+,68776147,68411295,PTPRD,XM_032744065.1,CK311634,SB02009A2C02.f1,0.022282518,0.686897693,0.038867893
531,100223902,5,NC_045004.1,+,61094351,61072677,PRPF39,XM_030275325.2,CK311707,SB02009B2A02.f1,0.02668754,0.871026355,0.046021774
533,100224568,7,NC_045006.1,+,5844791,6013136,CLASP1,XM_030277205.2,CK311730,SB02009B2C03.f1,0.003716349,0.778842152,0.010324291
539,100228119,20,NC_045018.1,+,1196376,1201102,SRSF6,XM_002195699.5,CK311763,SB02009B2G01.f1,0.002935493,0.664365694,0.007950602
540,100220108,5,NC_045004.1,+,7769508,7509405,SHANK2,XM_030273515.2,CK311789,SB02010A1A07.f1,0.012861048,0.740727357,0.04016861
542,100230434,1,NC_044998.1,+,89790749,89674960,ARHGEF7,XM_012569600.3,CK311810,SB02010A1D11.f1,0.019859139,0.699998644,0.039412173
547,100230917,3,NC_045001.1,+,111374807,111333306,SOS1,XM_030269318.2,CK311870,SB02010B1B12.f1,0.002312971,0.833950089,0.03926055
551,100221037,1A,NC_044999.1,+,5225022,5773159,CELF2,XM_030263710.2,CK311875,SB02010B1C05.f1,0.013452802,0.743983801,0.030715886
557,100226748,20,NC_045018.1,+,6958314,6963787,SLC35C2,XM_030288814.2,CK312034,SB02010B2B02.f1,0.01596306,0.788477602,0.030715886
559,116807005,1A,NC_044999.1,+,31204912,31207040,LOC116807005,XM_032744837.1,CK312104,SB02010B2H02.f1,0.000306045,0.777787201,0.042443987
560,105758685,1,NC_044998.1,+,32065930,32073811,CREBZF,XM_032751341.1,CK312120,SB02011A1A12.f1,0.002228069,0.789170057,0.017631044
563,105759009,2,NC_045000.1,+,69840190,69849090,LOC105759009,XR_001122818.3,CK312126,SB02011A1B06.f1,0.005232956,0.586375669,0.016623537
564,100222020,1A,NC_044999.1,+,62252441,62243624,TSPO,XM_030263416.2,CK312210,SB02011B1A12.f1,1.38E-05,0.736104044,0.002464845
566,100190355,12,NC_045011.1,+,14017848,14014268,LOC100190355,NM_001245536.1,CK312231,SB02011B1D01.f1,0.019162155,0.611730887,0.037411355
567,100219899,1,NC_044998.1,+,94510412,94607445,WWC3,XM_002188716.5,CK312271,SB02011B1G08.f1,0.002168567,0.711696012,0.006809529
568,100225655,4,NC_045002.1,+,19894812,20155464,PCDH7,XM_030270884.2,CK312367,SB02011A2H10.f1,0.005203509,0.653961128,0.026137682
574,100227564,7,NC_045006.1,+,16972461,16995206,HNRNPA3,XM_030277538.2,CK312712,SB02035B1G05.f1,0.01035904,0.582742942,0.023234341
575,100232652,12,NC_045011.1,+,16633132,16844231,CACNA2D2,XM_032750780.1,CK312810,SB02035B2H06.f1,0.021526167,0.89618149,0.038323783
578,100217886,4A,NC_045003.1,+,9537498,9488270,THOC2,XM_030272623.2,CK313028,SB02036B1B06.f1,8.91E-05,0.8045029,0.004950011
581,100223821,23,NC_045021.1,+,1707306,1929107,CSMD2,XM_030290569.2,CK313387,SB02037B1D03.f1,0.010593428,0.715928874,0.023092492
584,100226300,12,NC_045011.1,+,20013586,19917410,WNK2,XM_032750686.1,CK313485,SB02037B2G03.f1,0.011100243,0.676170357,0.027440965
590,100225966,1A,NC_044999.1,-,62510037,62496251,CMAS,XM_030263428.2,CK313631,SB02038A2B08.f1,0.014787604,0.727424791,0.029899468
591,100230880,6,NC_045005.1,+,15575613,15538178,PIK3AP1,XM_030275950.2,CK313631,SB02038A2B08.f1,0.014787604,0.727424791,0.029899468
592,105760690,10,NC_045009.1,-,11539504,11532994,LOC105760690,XR_003962110.2,CK313631,SB02038A2B08.f1,0.014787604,0.727424791,0.029899468
593,115491205,Z,NC_045027.1,+,75961756,75971155,LOC115491205,XR_003957171.2,CK313631,SB02038A2B08.f1,0.014787604,0.727424791,0.029899468
594,115497294,14,NC_045013.1,+,25243,19321,LOC115497294,XR_003962856.2,CK313715,SB02038B1B07.f1,0.002252698,0.68085132,0.01968694
595,100218115,5,NC_045004.1,+,54876344,54847882,ZBTB1,XM_004174497.4,CK313869,SB02038B2G12.f1,0.010252603,0.814620945,0.030097982
598,100219960,23,NC_045021.1,+,3045235,3062237,SRRM1,XM_032752498.1,CK313902,SB02032A1C07.f2,0.001305802,0.863900441,0.03939463
604,115497306,14,NC_045013.1,+,14209619,14216968,LOC115497306,XR_003962877.2,CK313924,SB02032A1E05.f2,0.016577416,0.783282421,0.036508265
605,100226946,2,NC_045000.1,+,137803335,137590277,TRPS1,XM_030266589.2,CK314071,SB02032B1A03.f2,0.005905005,0.835094821,0.01767981
610,100222233,1,NC_044998.1,+,103449418,103405523,TAB3,XR_003962351.2,CK314079,SB02032B1B01.f2,0.01827285,0.839119211,0.036508265
612,115496182,8,NC_045007.1,+,8249372,8043944,LOC115496182,XR_003961578.2,CK314085,SB02032B1B08.f2,0.01596306,1.283351319,0.038203694
613,116809191,20,NC_045018.1,+,3195316,3194176,LOC116809191,XR_004369610.1,CK314134,SB02032B1H08.f2,0.004730426,0.852280343,0.04180945
614,100224393,9,NC_045008.1,-,1431224,1426086,OTOS,XM_030280599.2,CK314134,SB02032B1H08.f2,0.004730426,0.852280343,0.04180945
615,115496352,9,NC_045008.1,+,3843332,3839810,FBXL12,XM_032749980.1,CK314134,SB02032B1H08.f2,0.004730426,0.852280343,0.04180945
618,116806897,W,NC_045028.1,+,18716689,18726608,LOC116806897,XM_032744724.1,CK314134,SB02032B1H08.f2,0.004730426,0.852280343,0.04180945
619,100222350,Z,NC_045027.1,+,44917403,44910322,CREB3,XM_002190987.5,CK314183,SB02032B2E02.f2,0.023598133,1.308308477,0.042120051
620,100219392,1A,NC_044999.1,+,21949950,21818934,PTPRZ1,XM_012568935.3,CK314246,SB02039A1B08.f1,0.008449682,0.848865247,0.022238316
626,100219167,12,NC_045011.1,+,9147541,9070420,PLXNB1,XM_030282828.2,CK314407,SB02039B1A03.f1,0.003316175,0.727899342,0.016623537
628,100220583,3,NC_045001.1,+,35096498,35075502,RRAGD,XM_030267575.2,CK314451,SB02039B1H11.f1,0.010621579,1.318171422,0.045404776
630,100230146,1,NC_044998.1,+,65237136,65245831,HMGB1,XM_030274672.2,CK314519,SB02039B2C09.f1,0.012488372,1.310401325,0.038572785
632,100222922,2,NC_045000.1,+,54564457,54802226,ITGA9,XM_030265375.2,CK314669,SB02040A2A08.f1,0.009756291,0.764435115,0.02447921
636,100232753,3,NC_045001.1,+,67890824,67868638,GGPS1,XM_030268263.2,CK314870,SB02040B2D01.f1,0.001366753,1.485215833,0.027092385
640,100226300,12,NC_045011.1,+,20013586,19917410,WNK2,XM_030283216.2,CK314887,SB02040B2E09.f1,0.006460166,0.815533183,0.049391771
644,100221911,8,NC_045007.1,+,23858161,23964083,C8H1orf21,XM_030279462.2,CK314972,SB02041A1H09.f1,0.015876651,1.199096772,0.03612745
645,100229989,13,NC_045012.1,+,11449673,11464794,RUFY1,XM_032750874.1,CK315000,SB02041A2C02.f1,0.018624033,0.813847224,0.03612745
649,100218858,18,NC_045016.1,+,8502674,8507079,GALK1,XM_002190089.4,CK315082,SB02041B1B07.f1,0.000691684,0.852598664,0.029899468
650,100220311,10,NC_045009.1,+,20373129,20432760,IQGAP1,XM_030281110.2,CK315125,SB02024A1B05.f1,0.010913639,0.720611557,0.026905468
652,100226143,19,NC_045017.1,+,4714515,4745861,SLC43A2,XM_030288076.2,CK315282,SB02024A2D07.f1,0.005965016,0.818971376,0.01704408
654,100230762,3,NC_045001.1,+,13228282,13248825,E2F6,XM_002196448.5,CK315321,SB02024B1G06.f1,0.004237979,1.294598063,0.042954801
658,100225651,15,NC_045014.1,+,13582887,13620668,SFSWAP,XM_002187639.4,CK315397,SB02024B2B05.f1,0.013547707,0.642746889,0.029992391
663,100221258,1A,NC_044999.1,+,23289430,23337868,ANKRD26,XM_030257202.2,CK315447,SB02024B2F09.f1,0.004107481,0.71842459,0.011554629
669,100222291,3,NC_045001.1,+,111273725,111279920,LOC100222291,XM_012572191.3,CK315455,SB02024B2G07.f1,0.010925344,0.792840261,0.045921439
670,100190231,3,NC_045001.1,+,111268737,111262358,SRSF7,NM_001245194.2,CK315455,SB02024B2G07.f1,0.010925344,0.792840261,0.045921439
671,100220308,3,NC_045001.1,-,66105067,65943552,FMN2,XM_030268218.2,CK315495,SB02026A1B12.f1,0.009008105,0.766298192,0.022042591
675,100222350,Z,NC_045027.1,+,44917403,44910322,CREB3,XM_002190987.5,CK315522,SB02026A1E03.f1,0.027554713,1.303524362,0.043855131
676,100219225,17,NC_045015.1,+,11047574,11056761,ZBTB43,XM_030286921.2,CK315740,SB02026B2A04.f1,0.013426813,0.905213257,0.040535519
679,115498407,1A,NC_044999.1,+,9344019,9303261,LOC115498407,XR_004366741.1,CK315853,SB02028A1C05.f1,0.021290593,0.49021659,0.038424123
684,115495556,5,NC_045004.1,-,38323516,38317065,CLEC14A,XM_032748832.1,CK315857,SB02028A1C10.f1,0.016875025,0.787646003,0.033281466
685,100222189,6,NC_045005.1,+,14978294,15025329,PPP3CB,XM_030276883.2,CK315975,SB02028B1E08.f1,0.026683584,0.607257862,0.048142815
686,100221640,6,NC_045005.1,+,1537014,1566711,CCAR1,XM_030275604.2,CK316007,SB02028B1H11.f1,0.021809371,0.739766079,0.042186621
692,100228188,24,NC_045022.1,+,202548,183617,NFRKB,XM_012570800.3,CK316107,SB02028B2A03.f1,0.0092021,0.670224175,0.022254369
695,100220980,2,NC_045000.1,+,21497217,21629351,ADAM22,XM_030264630.2,CK316283,SB02030B1G09.f1,0.001825653,0.796580408,0.012939964
701,100222368,1,NC_044998.1,+,16612440,16432834,EPHA3,XM_030263983.2,CK316292,SB02030B1H08.f1,0.009477627,0.77204425,0.026591206
703,100220451,4,NC_045002.1,+,67122075,67152865,RUFY3,XM_030272196.2,CK316336,SB02030A2F03.f1,0.02432469,0.854203602,0.041031681
709,100224290,28,NC_045026.1,+,5225513,5223375,LOC100224290,XM_002197269.4,CK316419,SB02030B2A05.f1,0.000195953,0.839139465,0.049221544
710,100227564,7,NC_045006.1,+,16972461,16995206,HNRNPA3,XM_030277547.2,CK316484,SB02030B2H08.f1,0.014177592,0.879267917,0.042443987
716,100220502,2,NC_045000.1,+,92654125,92623126,NR4A3,XM_030265859.2,CK316530,SB02019A1D12.f1,0.000597308,2.276816437,0.003292567
718,100220384,20,NC_045018.1,+,112651,98572,NFS1,XM_012570150.2,CK316660,SB02019B1G04.f1,0.012012985,0.800955678,0.029140735
722,100220638,2,NC_045000.1,+,27239334,27048035,THSD7A,XM_030264736.2,CK316745,SB02019A2G04.f1,0.004665095,0.620099306,0.025737746
725,100219652,20,NC_045018.1,+,14836820,14925288,SULF2,XM_030288583.2,CK316790,SB02019B2B09.f1,0.004869553,0.758797012,0.014078721
726,100222154,3,NC_045001.1,+,69986951,69966784,TAF5L,XM_030268303.2,CK316808,SB02019B2D05.f1,0.020451717,1.360636261,0.036677867
728,100227463,2,NC_045000.1,+,147185697,146922868,FAM135B,XM_032747064.1,CK316941,SB02020B1A04.f1,0.000753666,0.704033744,0.003292567
731,115496279,8,NC_045007.1,+,29052882,29062915,LOC115496279,XR_003961754.2,CK316953,SB02020B1B05.f1,0.0160936,0.708495198,0.030947187
732,116808460,5,NC_045004.1,-,4103673,4091892,LOC116808460,XR_004367970.1,CK316953,SB02020B1B05.f1,0.0160936,0.708495198,0.030947187
733,100225951,4A,NC_045003.1,+,167352,151818,RBMX,XR_004367856.1,CK317019,SB02020B1D04.f1,0.022276915,0.730474376,0.038867893
734,100231954,Z,NC_045027.1,+,47942518,47866367,RICTOR,XM_030258691.2,CK317250,SB02021A1G04.f1,0.0056134,0.825658913,0.027186993
735,100229382,Z,NC_045027.1,+,37799537,37735111,RNF165,XM_030257729.2,CK317260,SB02021A1A05.f1,0.011257729,0.781753579,0.027029171
737,100230145,1A,NC_044999.1,+,51144421,51106851,TIMP3,XM_002199506.5,CK317419,SB02021A2G04.f1,0.005203509,0.780692568,0.037411355
738,115495320,5,NC_045004.1,+,59809404,59823165,PYGL,XM_030273201.2,DV944979,SB03001A1A09.f1,0.006553104,1.232922293,0.038867893
739,100217797,1A,NC_044999.1,+,9049616,9364173,PCLO,XM_030291251.2,DV944982,SB03001A1A12.f1,0.009590958,0.725363474,0.027460562
743,100221893,1,NC_044998.1,+,3897049,3866175,LTN1,XM_002189994.5,DV945060,SB03001A2B04.f1,0.012660415,0.862756578,0.037576659
744,100230240,4,NC_045002.1,+,59300334,59143016,WDFY3,XM_030270343.2,DV945140,SB03001B1C05.f1,0.001700008,0.77042663,0.006857532
750,100225179,Z,NC_045027.1,+,45524857,45491223,MTMR12,XM_002191417.5,DV945163,SB03001B1E08.f1,0.007687809,0.771442625,0.028425493
751,100232012,2,NC_045000.1,+,10349860,10043489,DIP2C,XM_030264293.2,DV945191,SB03001B1H02.f1,0.003967255,1.200451709,0.042443987
754,100222961,5,NC_045004.1,+,39266334,39269050,FOS,XM_002200534.4,DV945276,SB03001B2H03.f1,5.60E-05,2.560708986,0.001915505
755,100222565,21,NC_045019.1,+,4189671,3925068,LOC100222565,XM_032752088.1,DV945308,SB03002A1B12.f1,0.007487277,0.654612164,0.022238316
757,100232524,5,NC_045004.1,+,18269702,18323060,PPP6R3,XM_030274074.2,DV945346,SB03002A1F08.f1,0.019397948,0.789548935,0.039842849
761,100219294,2,NC_045000.1,+,124189450,124217089,ZBTB10,XM_030266359.2,DV945440,SB03002A2G05.f1,0.006017823,0.804193609,0.039480566
762,100224552,20,NC_045018.1,+,14977370,14925989,NCOA3,XM_030288580.2,DV945461,SB03002B1A03.f1,0.010567963,0.802346578,0.048065207
763,100227193,2,NC_045000.1,+,6565186,6374083,KMT2C,XM_030264238.2,DV945555,SB03002B2A12.f1,0.00295941,0.681493525,0.010324291
769,100226791,5,NC_045004.1,+,56014018,55979757,HIF1A,XR_004368167.1,DV945683,SB03003A1E11.f1,0.000376952,0.831256323,0.025207529
771,100226618,3,NC_045001.1,+,52201053,52535514,LAMA2,XM_030267887.2,DV945898,SB03003B2A11.f1,0.000516199,0.725524172,0.003019114
777,100224378,17,NC_045015.1,+,686163,432515,EXD3,XM_032751447.1,DV945926,SB03003B2D08.f1,0.002177916,1.130208176,0.048939364
784,100225619,4A,NC_045003.1,+,10016272,9708637,TENM1,XM_030272629.2,DV945952,SB03003B2F12.f1,0.011876211,0.788741841,0.038160486
789,100218848,7,NC_045006.1,+,10229001,10224596,LOC100218848,XM_012574891.3,DV946276,SB03004B2D05.f1,0.022656883,1.421041134,0.040303859
790,100224750,2,NC_045000.1,+,124500234,124388344,PAG1,XR_003958943.2,DV946369,SB03005A1E03.f1,0.018348196,0.77766241,0.046707562
792,116807885,2,NC_045000.1,-,124388345,124397129,LOC116807885,XR_004367135.1,DV946369,SB03005A1E03.f1,0.018348196,0.77766241,0.046707562
793,115498407,1A,NC_044999.1,+,9344019,9303261,LOC115498407,XR_004366739.1,DV946374,SB03005A1E09.f1,0.003966866,0.651872944,0.01098082
799,100227002,18,NC_045016.1,+,4089706,4068417,ZNF207,XR_003963192.2,DV946407,SB03005A1H09.f1,0.019488588,0.66925429,0.036677867
800,100218811,18,NC_045016.1,+,9778629,9746680,MBTD1,XM_030287557.2,DV946521,SB03005B1C12.f1,0.003587408,0.780245187,0.026753619
806,100220208,1,NC_044998.1,+,28457792,28508484,RIMKLB,XM_012569930.3,DV946534,SB03005B1E01.f1,0.007383157,0.674807019,0.017485991
809,100223275,12,NC_045011.1,+,259939,330005,PLXND1,XM_030283481.2,DV946582,SB03005B2A06.f1,0.012316095,0.867455844,0.038867893
811,100231650,1,NC_044998.1,+,26775579,26785124,ENO2,XM_002196480.4,DV946586,SB03005B2A12.f1,0.003174838,1.331169256,0.011554629
812,100225951,4A,NC_045003.1,+,167352,151818,RBMX,XM_030272364.2,DV946751,SB03006A1H08.f1,0.024050992,0.709690936,0.040328245
818,100218635,1A,NC_044999.1,+,45838930,45838081,LOC100218635,XM_002193157.4,DV946795,SB03006A2D08.f1,0.008043724,1.246625484,0.025737746
819,100224420,3,NC_045001.1,+,43312967,43376541,AFG1L,XM_030267699.2,DV946850,SB03006B1A06.f1,0.002136427,0.734731992,0.00732806
820,100229347,4A,NC_045003.1,+,15971011,16095654,LOC100229347,XM_012573084.3,DV947020,SB03006B2H12.f1,0.024979995,0.659955822,0.043804189
821,100227573,1,NC_044998.1,+,94606951,94652742,CLCN4,XM_030280659.2,DV947028,SB03007A1A08.f1,0.024811348,0.665936898,0.040611984
824,100232703,25,NC_045023.1,+,88404,96613,CCT3,XM_002191201.5,DV947066,SB03007A1E03.f1,0.015391957,1.241301575,0.034028941
825,100224566,7,NC_045006.1,+,17265209,17361700,OSBPL6,XM_030277562.2,DV947131,SB03007A2C01.f1,0.003854968,0.677145156,0.020035223
831,100231217,3,NC_045001.1,+,81466229,81448696,AARS2,XM_002187155.5,DV947278,SB03007B1H01.f1,0.021538497,1.228396791,0.042443987
832,100190548,14,NC_045013.1,+,5320204,5312155,PDAP1,NM_001245370.1,DV947303,SB03007B2B05.f1,0.003091329,1.204010243,0.03612745
833,100225419,3,NC_045001.1,+,77921783,78092245,BIRC6,XM_030268489.2,DV947319,SB03007B2C11.f1,0.027603467,0.830693615,0.043804189
839,100218359,21,NC_045019.1,+,1052052,1119865,PEX14,XM_030289108.2,DV947335,SB03007B2E04.f1,0.00076955,1.132868104,0.016836121
840,100220711,4A,NC_045003.1,+,4722395,4771894,BRWD3,XM_030272441.2,DV947358,SB03007B2G07.f1,0.023583672,0.736301343,0.040328245
841,100008579,13,NC_045012.1,+,18414596,18417546,EGR1,NM_001080957.1,DV947454,SB03008A1H11.f1.C,0.000147798,1.779654321,0.002464845
842,105760855,Z,NC_045027.1,+,46790106,46754063,RANBP3L,XM_032744257.1,DV947483,SB03008A2C07.f1,0.014012491,0.758382836,0.049126565
843,100221182,8,NC_045007.1,+,2935726,2587051,NFIA,XM_004174320.4,DV947519,SB03008A2G08.f1,0.001085308,0.843002414,0.043216167
849,100222630,Z,NC_045027.1,+,73413255,73292892,MLLT3,XM_030257497.2,DV947638,SB03008B2B12.f1,0.005785956,0.776170289,0.015579669
851,100227585,11,NC_045010.1,+,20983258,20992109,KARS1,XM_002197154.4,DV947729,SB03009A1C05.f1,0.024206552,1.076743303,0.048608229
854,100220208,1,NC_044998.1,+,28457792,28508484,RIMKLB,XM_030268173.2,DV947744,SB03009A1D10.f1,0.018081813,0.689191736,0.036174911
856,100221333,19,NC_045017.1,+,692043,689589,WSB1,XM_032751766.1,DV947756,SB03009A1E10.f1,0.018085844,0.74086376,0.039003616
857,100232433,15,NC_045014.1,+,10417576,10355574,CUX2,XM_030285587.2,DV947842,SB03009A2E04.f1,0.002219864,0.832197041,0.048688476
863,100220693,18,NC_045016.1,+,9261243,9256893,LRRC59,XM_030287055.2,DV948113,SB03010A1E10.f1,0.021964864,1.24242682,0.040453963
864,100232595,3,NC_045001.1,+,102767454,102776813,MTARC2,XM_002190301.5,DV948184,SB03010A2D05.f1,0.007253145,0.644880796,0.020310928
865,100038820,19,NC_045017.1,+,3173254,3160715,TRPV1,XM_002195904.5,DV948216,SB03010A2G03.f1,0.011787042,0.739015371,0.030715886
868,100220368,7,NC_045006.1,+,31830019,31911742,R3HDM1,XM_030278095.2,DV948405,SB03011A1A04.f1,0.020005211,0.618811502,0.036710192
874,100231708,17,NC_045015.1,+,11058233,11072542,ZBTB34,XM_030286918.2,DV948474,SB03011A1G11.f1,0.000753666,0.79843251,0.02373222
877,100221457,1A,NC_044999.1,+,48848371,48867165,DDX17,XM_002195698.4,DV948487,SB03011A2A04.f1.A,0.000164228,0.847732483,0.044251811
878,100229553,5,NC_045004.1,+,8913221,8883522,PTDSS2,XM_030273613.2,DV948757,SB03012A1A11.f1,0.000554715,0.84479405,0.03612745
880,100222269,1A,NC_044999.1,-,19223613,19244314,PANX2,XM_030256359.2,DV948901,SB03012A2H01.f1,0.021893581,1.307720869,0.04103126
881,100221354,19,NC_045017.1,+,6827273,6816902,NUP88,XM_030288023.2,DV949017,SB03012B2D02.f1,0.002184519,0.788717058,0.045777189
882,100231490,15,NC_045014.1,+,5444709,5436729,SNAP29,XM_002199151.5,DV949096,SB03013A1C02.f1,0.015659907,0.809793312,0.03463656
883,116809014,15,NC_045014.1,-,5426944,5437909,LOC116809014,XR_004369316.1,DV949096,SB03013A1C02.f1,0.015659907,0.809793312,0.03463656
884,100217620,9,NC_045008.1,+,9984761,10020169,AGFG1,XM_002198397.5,DV949130,SB03013A1F04.f1,0.011646726,0.655902574,0.026905468
886,100223365,18,NC_045016.1,+,2150110,2158523,TIMP2,XM_030287103.2,DV949378,SB03013B2F01.f1,0.006654155,0.775446944,0.024196412
888,100227497,7,NC_045006.1,+,12690555,12613515,COBLL1,XM_030277392.2,DV949729,SB03015A1A10.f1,0.003937525,0.733316962,0.017233104
892,105760693,15,NC_045014.1,+,3925348,3879260,SRRM4,XM_030285324.2,DV949752,SB03015A1D07.f1,0.016581573,0.820895474,0.036677867
895,100224986,1A,NC_044999.1,+,65416267,65253613,PLEKHA5,XM_030263543.2,DV949888,SB03015B1D02.f1,0.00543237,0.781350986,0.040253994
901,100224256,20,NC_045018.1,+,428350,490768,RALGAPB,XM_030288940.2,DV950169,SB03016B1A09.f1,0.021645791,0.876150629,0.039889042
907,100225688,15,NC_045014.1,+,11580256,11575298,EIF2B1,XM_002190086.4,DV950247,SB03016B1H11.f1,0.00245381,1.341821518,0.006857532
909,100227995,3,NC_045001.1,+,62026785,61940546,ARFGEF3,XM_030268129.2,DV950302,SB03016B2F02.f1,0.003377336,0.820532299,0.040328245
914,100217681,1A,NC_044999.1,+,48139485,48008212,TNRC6B,XM_030262960.2,DV950390,SB03017A1F02.f1,0.001879636,0.794278873,0.045889293
920,100225544,7,NC_045006.1,+,6934669,6896624,MRAS,XM_032749362.1,DV950469,SB03017A2E09.f1,0.017328365,1.217603882,0.036508265
925,116806601,7,NC_045006.1,+,10221581,10224055,STK16,XM_030277332.2,DV950687,SB03018A1C03.f1,0.015259188,1.202607578,0.038424123
926,100220188,9,NC_045008.1,+,17029225,17063023,DVL3,XM_030280625.2,DV950692,SB03018A1C09.f1.A,0.026903852,0.653370545,0.042954801
927,100228169,13,NC_045012.1,+,17422027,17416682,GNPDA1,XM_032750899.1,DV950712,SB03018A1E08.f1,0.008147515,1.321927951,0.025207529
928,100230300,26,NC_045024.1,+,506724,500826,DDX20,XM_030291996.2,DV950719,SB03018A1F04.f1,0.021992807,1.240976377,0.040328245
929,100218736,6,NC_045005.1,+,1459888,1530716,TET1,XM_030275596.2,DV950805,SB03018A2E12.f1,0.01023106,0.682367787,0.023092492
930,100229067,28,NC_045026.1,+,3353771,3351505,KXD1,XM_030256681.2,DV950814,SB03018A2F09.f1,0.007441418,1.209689688,0.029929802
932,100223785,23,NC_045021.1,+,6525868,6541461,TMEM200B,XM_030290564.2,DV950846,SB03018B1A07.f1,0.00102916,0.742577555,0.003483562
933,100218413,Z,NC_045027.1,+,65023684,64941769,FCHO2,XM_030259087.2,DV951133,SB03019A2C12.f1,0.003355261,0.763698152,0.013111124
939,116808653,8,NC_045007.1,+,18243615,18195470,LOC116808653,XR_004368575.1,DV951427,SB03020A1G12.f1,0.01319797,0.63127261,0.027667976
945,115493340,1A,NC_044999.1,+,45854544,45862165,LOC115493340,XR_004366631.1,DV951550,SB03020B1D01.f1,0.017218357,0.756885281,0.034882499
948,115491595,Un,NULL,+,NULL,NULL,LOC115491595,XM_032745861.1,DV951835,SB03021A2E11.f1,0.016696883,0.814353311,0.046021774
949,100221429,1,NC_044998.1,+,46634804,46744435,TBC1D4,XM_012569688.3,DV951874,SB03021B1A07.f1,0.01128198,0.74150856,0.024651152
955,100231874,14,NC_045013.1,+,7024390,7021464,RPS2,XM_030284734.2,DV951936,SB03021B1F11.f1,0.002036567,1.182525668,0.045889293
956,100218462,1,NC_044998.1,+,15461514,15081105,LOC100218462,XM_032746402.1,DV951948,SB03021B1H02.f1,0.016740752,0.754518339,0.036508265
962,100230725,26,NC_045024.1,+,630323,631480,C26H1orf74,XM_012570985.3,DV951954,SB03021B1H08.f1.A,0.008441705,1.361354177,0.022742311
963,116808807,10,NC_045009.1,+,12689969,12646365,LOC116808807,XR_004368932.1,DV951954,SB03021B1H08.f1.A,0.008441705,1.361354177,0.022742311
965,100220889,1,NC_044998.1,+,89032769,88914424,ATP11A,XM_030279937.2,DV952005,SB03021B2E05.f1,0.011134045,0.85734657,0.04180945
968,100225596,Z,NC_045027.1,+,31023170,31068354,PTBP3,XM_030257693.2,DV952071,SB03022A1B12.f1,0.007215152,0.812865461,0.017485991
970,100226188,13,NC_045012.1,+,15357695,15324986,SFXN1,XR_003962677.2,DV952081,SB03022A1C12.f1,0.007487722,1.733056885,0.018050392
972,100228281,Z,NC_045027.1,+,17422710,17436675,ARRDC3,XM_002188518.5,DV952166,SB03022A2C11.f1,0.001527566,1.544904236,0.03428742
973,100219263,9,NC_045008.1,+,21517531,21548712,PHC3,XM_032750070.1,DV952244,SB03022B1C03.f1,0.023520045,0.812999661,0.048565097
979,100232759,8,NC_045007.1,+,8866070,8860379,LURAP1,XM_030278837.2,DV952469,SB03023A1G10.f1,0.002902754,1.43158926,0.020517388
980,100226630,Z,NC_045027.1,+,5639643,5720405,PIGG,XM_030258731.2,DV952571,SB03023B1A06.f1,0.002651573,0.711595782,0.00732806
982,100231563,29,NC_045955.1,+,139955,145733,NR4A1,XM_030259361.2,DV952638,SB03023B1G06.f1,0.028974661,1.543705744,0.046021774
983,100190134,17,NC_045015.1,+,9539638,9537183,NDUFA8,XM_030286272.2,DV952728,SB03023B2H01.f1,7.06E-06,1.123145787,0.045847979
985,100220108,5,NC_045004.1,+,7769508,7509405,SHANK2,XM_030273515.2,DV952844,SB03024A2B09.f1,0.027104451,0.640666829,0.043268391
987,100219552,1A,NC_044999.1,+,46043590,46065567,FAM234B,XM_002191582.5,DV952871,SB03024A2E03.f1,0.010252603,0.619389229,0.023032732
988,100230002,19,NC_045017.1,+,106867,94152,KIAA0753,XM_012568759.3,DV952926,SB03024B1B02.f1,0.020181518,0.745685018,0.036677867
991,116806641,W,NC_045028.1,+,16980597,16915177,LOC116806641,XM_032744678.1,DV952960,SB03024B1E03.f1,0.008737153,0.807433316,0.04639887
992,100221861,2,NC_045000.1,+,77061343,76846373,FBXL7,XM_030267072.2,DV952960,SB03024B1E03.f1,0.008737153,0.807433316,0.04639887
993,105758650,1,NC_044998.1,+,80325543,80351143,ASMTL,XM_032749193.1,DV953031,SB03024B2C08.f1,0.017225431,1.989416831,0.036505926
997,100190025,17,NC_045015.1,+,9790868,9716210,STRBP,XM_030286852.2,DV953091,SB03025A1A01.f2,0.019922735,0.697355791,0.038424123
998,100228281,Z,NC_045027.1,+,17422710,17436675,ARRDC3,XM_002188518.5,DV953237,SB03025A2F03.f2,0.007658852,1.558241263,0.040535519
999,100218363,10,NC_045009.1,+,216771,128725,HERC1,XM_030281878.2,DV953258,SB03025A2H03.f2,0.004800483,0.75309021,0.046021774
1005,100008579,13,NC_045012.1,+,18414596,18417546,EGR1,NM_001080957.1,DV953620,SB03026B1F05.f1,0.000889232,2.107903937,0.003590575
1006,100219899,1,NC_044998.1,+,94510412,94607445,WWC3,XM_002188716.5,DV953631,SB03026B1G08.f1,0.005639608,0.854362395,0.029926861
1007,100224237,4A,NC_045003.1,-,18538771,18515672,OGT,XM_030272951.2,DV953736,SB03027A1B09.f1,0.00501252,0.709355361,0.036677867
1009,100230822,3,NC_045001.1,+,64532906,65061791,SASH1,XM_030268187.2,DV953858,SB03027B1F11.f1,0.028987675,0.822827557,0.046021774
1015,115495259,4A,NC_045003.1,+,15135387,15124588,TMLHE,XM_030272795.1,DV954084,SB03028A2E01.f1,0.022565014,0.784336345,0.042071273
1017,100227568,23,NC_045021.1,+,2877195,2866140,FUCA1,XM_002196521.5,DV954246,SB03028B2D12.f1,0.019488588,1.303914898,0.049221544
1018,115498390,25,NC_045023.1,+,1705270,1712556,NDUFS2,XM_032752892.1,DV954260,SB03028B2F03.f1,0.016348423,1.398038327,0.03939463
1019,100227394,3,NC_045001.1,+,79741259,79726015,DESI2,XM_030268563.2,DV954299,SB03029A1A11.f1,0.000267893,1.132234742,0.042443987
1020,100227089,1A,NC_044999.1,+,26898166,27042092,NRCAM,XM_032744534.1,DV954363,SB03029A1G10.f1,0.001052185,0.774236321,0.034736042
1026,100222332,13,NC_045012.1,+,18088701,18117189,TCERG1,XM_030284045.2,DV954424,SB03029A2E05.f1,0.022011493,0.522177021,0.04180945
1031,116806940,W,NC_045028.1,+,8583958,8577993,LOC116806940,XR_004365984.1,DV954783,SB03030B1A05.f1,0.010312788,0.671001846,0.03612745
1034,115491750,Un,NULL,+,NULL,NULL,FARSA,XM_032745663.1,DV954811,SB03030B1D01.f1,0.027411252,1.202245432,0.045999138
1035,100230638,2,NC_045000.1,+,49182488,49130433,LOC100230638,XM_030265277.2,DV954876,SB03030B2B09.f1,0.018044004,0.587020445,0.044966254
1037,116807818,2,NC_045000.1,+,49105136,49092048,LOC116807818,XM_032746806.1,DV954876,SB03030B2B09.f1,0.018044004,0.587020445,0.044966254
1038,100222624,8,NC_045007.1,+,19658501,19672510,RNPC3,XM_030279298.2,DV954877,SB03030B2B10.f1,0.011661547,0.682912196,0.025096805
1043,100190203,8,NC_045007.1,+,28031943,28021255,VAMP4,XM_012575371.3,DV954880,SB03030B2C01.f1,0.003564282,1.307332707,0.030909343
1044,100222770,6,NC_045005.1,+,34774926,34813931,MSH4,XM_030276658.2,DV954985,SB03031A1E08.f1,0.002407597,0.717369385,0.006809529
1045,100225308,24,NC_045022.1,+,249129,202844,PRDM10,XM_012570801.3,DV955008,SB03031A1G08.f1,0.005804664,0.813979044,0.03612745
1051,100231217,3,NC_045001.1,+,81466229,81448696,AARS2,XM_002187155.5,DV955011,SB03031A1G11.f1,0.016749681,0.735859644,0.033150012
1052,100189998,1,NC_044998.1,+,36181633,36164824,SMCO4,NM_001164338.1,DV955016,SB03031A1H05.f1,0.012162111,1.391799242,0.026905468
1053,100223969,5,NC_045004.1,+,33726224,33582755,NOVA1,XM_030274573.2,DV955066,SB03031A2D11.f1.M,0.009240097,0.725980971,0.040453963
1056,100230284,4A,NC_045003.1,+,10937384,10966468,LOC100230284,XM_002192462.5,DV955105,SB03031A2H05.f1,0.012630928,0.812188952,0.027617203
1061,100229586,5,NC_045004.1,+,27724474,27786017,MAP3K9,XR_003960750.2,DV955186,SB03031B1G07.f1,0.019488588,0.808421074,0.03926055
1064,116806990,W,NC_045028.1,+,3198530,3101794,LOC116806990,XM_032744792.1,DV955462,SB03032B1D07.f1,0.002580834,0.756188973,0.007950602
1066,100218291,2,NC_045000.1,+,97303093,97050934,DOK6,XM_030265926.2,DV955498,SB03032B1H12.f1,0.008705449,0.687760408,0.022042591
1067,100221825,1A,NC_044999.1,+,34495995,34454617,ZFC3H1,XM_030259774.2,DV955568,SB03032B2G12.f1,0.027422907,0.788263314,0.044705993
1071,100225616,1,NC_044998.1,+,19724511,19742508,SFT2D2,XR_003958644.1,DV955598,SB03033A1B10.f1,0.020375479,0.542003099,0.040328245
1073,100228910,6,NC_045005.1,+,15043707,15039060,EIF3F,XM_030276885.2,DV955656,SB03033A1H01.f1,0.00598519,1.173168108,0.030667418
1074,100220502,2,NC_045000.1,+,92654125,92623126,NR4A3,XM_030265859.2,DV955688,SB03033A2C05.f1,0.000306045,2.891729956,0.002640306
1076,100226630,Z,NC_045027.1,+,5639643,5720405,PIGG,XM_030258732.2,DV955711,SB03033A2E06.f1,0.01274372,0.78401491,0.029992391
1078,100222843,11,NC_045010.1,-,20125696,20128386,NIP7,XM_002196157.5,DV955784,SB03033B1D05.f1,0.000285735,1.211645783,0.02107218
1079,100229914,8,NC_045007.1,+,3514532,3516523,JUN,XM_002198429.5,DV955814,SB03033B1G05.f1,0.024689371,1.483884819,0.042847075
1080,100220937,8,NC_045007.1,+,25930013,25730468,LOC100220937,XM_002189920.5,DV955844,SB03033B2B02.f1,0.013015069,0.829601689,0.043730098
1082,100224387,9,NC_045008.1,+,10054390,10056667,CCL20,XM_030280196.2,DV955883,SB03033B2E09.f1,0.012251141,0.714453432,0.026591206
1083,100220065,5,NC_045004.1,+,39056797,39104729,YLPM1,XM_030274690.2,DV955917,SB03033B2H11.f1,0.00021523,0.81431257,0.040917308
1084,115494369,3,NC_045001.1,-,64083075,64070561,LOC115494369,XR_003959371.2,DV955986,SB03034A1H11.f1,0.00589618,0.475123853,0.015184968
1085,100219282,17,NC_045015.1,+,9993650,9845945,DENND1A,XM_012578373.3,DV956029,SB03034A2E11.f1,0.012251141,0.820709309,0.031885731
1090,116808445,5,NC_045004.1,+,31847061,31827540,LOC116808445,XR_004367922.1,DV956054,SB03034B1B05.f1,0.003091329,0.788457985,0.047029694
1091,115495531,5,NC_045004.1,+,31862882,31855250,LOC115495531,XR_003960782.2,DV956054,SB03034B1B05.f1,0.003091329,0.788457985,0.047029694
1092,100224904,5,NC_045004.1,-,39191651,39197415,ZC2HC1C,XM_030274707.2,DV956141,SB03034B2D07.f1,0.003446053,0.852921971,0.012939964
1094,100221990,5,NC_045004.1,+,39223394,39196732,NEK9,XM_030274706.2,DV956141,SB03034B2D07.f1,0.003446053,0.852921971,0.012939964
1095,100223962,20,NC_045018.1,+,1973906,1929823,MMP24,XM_002187101.5,DV956181,SB03035A1A05.f1,0.001712986,1.49821166,0.02447921
1097,100218736,6,NC_045005.1,+,1459888,1530716,TET1,XM_030275596.2,DV956250,SB03035A1G05.f1,0.003937525,0.644135846,0.010405186
1098,100228689,3,NC_045001.1,+,82911570,82723235,RIN2,XM_030268631.2,DV956383,SB03035B1D01.f1,0.007555153,0.747979313,0.019502705
1099,100231227,10,NC_045009.1,+,13866515,13794745,AKAP13,XM_032750318.1,DV956459,SB03035B2B11.f1,0.001175898,0.852320445,0.006857532
1100,100229398,3,NC_045001.1,+,5981699,5595100,KLHL29,XM_030269453.2,DV956490,SB03035B2E10.f1,0.019091178,0.817410948,0.038193827
1103,100219713,14,NC_045013.1,+,7758137,7799543,TNRC6A,XM_030285196.2,DV956539,SB03036A2B01.f1,0.005200967,0.814389554,0.030715886
1109,100221390,13,NC_045012.1,+,14953670,14967735,FAF2,XM_002197429.5,DV956574,SB03036A2E05.f1,0.000643772,1.406813424,0.023032732
1111,100231135,3,NC_045001.1,+,40198037,40544325,GRIK2,XM_012572713.3,DV956587,SB03036A2F07.f1,0.004193024,0.799356033,0.010836933
1112,100221390,13,NC_045012.1,+,14953670,14967735,FAF2,XM_002197429.5,DV956612,SB03036A2H11.f1,0.000704828,1.292366459,0.047532313
1115,100231135,3,NC_045001.1,+,40198037,40544325,GRIK2,XM_012572713.3,DV956735,SB03036B2D03.f1,0.011069887,0.772065112,0.025945611
1116,100228731,3,NC_045001.1,+,101576136,101456989,GPATCH2,XM_002191087.5,DV956940,SB03037A2G03.f1,0.002936809,0.74392,0.007950602
1117,100226658,23,NC_045021.1,+,6635126,6540359,EPB41,XM_032752571.1,DV956940,SB03037A2G03.f1,0.002936809,0.74392,0.007950602
1123,100218936,15,NC_045014.1,+,1894158,1914818,FBXO21,XR_003962978.2,DV957031,SB03037B1G04.f1,0.001132084,1.342440783,0.038203694
1124,100224150,14,NC_045013.1,+,89208,57172,LOC100224150,XM_032751120.1,DV957052,SB03037B2A02.f1,0.002258597,0.492133426,0.006505617
1125,100229328,7,NC_045006.1,+,12265588,12161070,FIGN,XM_030277389.2,DV957247,SB03038A2C02.f1,0.011955781,0.551445278,0.046021774
1126,100225029,Z,NC_045027.1,+,21384513,21402672,MACIR,XM_032744233.1,DV957309,SB03038A2H07.f1,0.00818009,0.825676113,0.019520773
1128,116806986,W,NC_045028.1,+,17593569,17603800,LOC116806986,XR_004366027.1,DV957309,SB03038A2H07.f1,0.00818009,0.825676113,0.019520773
1132,100217516,19,NC_045017.1,+,7467967,7483361,EIF4H,XM_030288174.2,DV957323,SB03038B1A10.f1,0.002557277,1.156343606,0.048565409
1134,101233002,1,NC_044998.1,-,80393921,80355377,LOC101233002,XM_032749195.1,DV957327,SB03038B1B02.f1,0.007754265,0.758960845,0.036508265
1138,101233925,8,NC_045007.1,+,9435855,9439284,LOC101233925,XM_012575308.3,DV957504,SB03039A1B05.f1,0.023424121,1.508008068,0.045671572
1140,100219837,7,NC_045006.1,+,3643730,3629062,LOC100219837,XM_002187013.4,DV957612,SB03039A2D01.f1,0.023481245,1.326813734,0.039889042
1141,100228078,Z,NC_045027.1,+,49455248,49498215,NNT,XM_030257315.2,DV957772,SB03039B2B08.f1,0.012944591,0.782821367,0.027029171
1147,100224708,6,NC_045005.1,+,21067391,21062201,UBTD1,XM_002194634.3,DV957934,SB03040A2A07.f1,0.003814806,1.225384011,0.017485991
1148,100217644,1,NC_044998.1,+,41062398,40912397,GUCY1A2,XM_030270145.2,DV958101,SB03040B2A10.f1,0.012094318,0.745347727,0.040328245
1149,100222326,13,NC_045012.1,+,12158651,12142330,ANXA6,XM_030283855.2,DV958216,SB03041A1C10.f1,0.004754113,1.491632739,0.026905468
1152,100222042,3,NC_045001.1,+,27037446,27479917,ADGRB3,XM_030269499.2,DV958230,SB03041A1E02.f1,0.005248099,0.597890902,0.017485991
1158,115498256,23,NC_045021.1,+,3696403,3700265,TRNP1,XM_030290383.2,DV958232,SB03041A1E04.f1,0.007077065,1.302947655,0.025737746
1159,116807017,W,NULL,+,NULL,NULL,LOC116807017,XR_004366057.1,DV958277,SB03041A2A05.f1,0.02838841,0.711845808,0.045555867
1163,100226718,Z,NC_045027.1,+,367343,350232,LOC100226718,XR_003957244.2,DV958277,SB03041A2A05.f1,0.02838841,0.711845808,0.045555867
1165,100224938,3,NC_045001.1,+,28040886,28050856,SDHAF4,XM_002192633.4,DV958289,SB03041A2B06.f1,0.000590245,0.823290802,0.010324291
1166,100190352,4,NC_045002.1,+,12867387,12844957,NSG1,NM_001245527.1,DV958323,SB03041A2E07.f1,0.010008563,1.459405199,0.040611984
1168,100222893,5,NC_045004.1,+,28674417,28639203,EXD2,XM_030274469.2,DV958333,SB03041A2F05.f1,0.03298292,1.230538018,0.049853657
1172,100222356,3,NC_045001.1,+,109112039,108973469,MEIS1,XM_030269245.2,DV958343,SB03041A2G04.f1,0.009459692,0.637483922,0.022238316
1175,100222326,13,NC_045012.1,+,12158651,12142330,ANXA6,XM_012575114.3,DV958615,SB03042A1H10.f1,0.002956003,1.522072147,0.02260809
1178,100221204,1A,NC_044999.1,+,22112099,22141152,FAM3C,XM_030257030.2,DV958889,SB03043A1B04.f1,0.009543545,1.198975026,0.042847075
1180,100223418,1,NC_044998.1,+,35350005,35744069,FAT3,XM_030269237.2,DV958961,SB03043A2A01.f1,0.013426813,0.650027788,0.027614137
1186,116809170,20,NC_045018.1,-,11550435,11567660,LOC116809170,XR_004369569.1,DV959052,SB03043B1A09.f1,0.012898356,0.654266452,0.036677867
1187,105760897,10,NC_045009.1,+,15806563,15758852,LOC105760897,XR_004368899.1,DV959215,SB03043B2H03.f1,0.011441253,0.608020324,0.027300938
1189,100223352,Z,NC_045027.1,+,47746401,47690987,LIFR,XM_002195588.5,DV959279,SB03044A1E12.f1,0.00166082,0.815223001,0.009189026
1191,105758727,20,NC_045018.1,+,8641795,8635531,RGS19,XM_030288383.2,DV959778,SB03045B1D02.f1,0.006287174,1.221571686,0.02440277
1192,100221996,Z,NC_045027.1,+,58625177,58740165,LOC100221996,XM_032744580.1,DV959859,SB03045B2C07.f1,0.012619107,0.851702521,0.046954197
1196,100224283,19,NC_045017.1,+,4681378,4699447,PRPF8,XM_002197291.4,DV960047,SB03046A2D11.f1,0.005545659,0.753057427,0.017086276
1198,100225688,15,NC_045014.1,-,11580256,11575298,EIF2B1,XM_030285743.2,DV960122,SB03046B1D02.f1,0.001558425,1.358252919,0.004767774
1200,100224482,Z,NC_045027.1,+,65178023,65214338,ZNF366,XM_004177172.4,DV960176,SB03046B2A03.f1,0.00883429,0.652376478,0.022042591
1201,100221096,1A,NC_044999.1,+,70047440,70033190,MRPS35,XM_012569340.3,DV960316,SB03047A1F08.f1,0.00699419,1.284506274,0.040328245
1202,100229916,8,NC_045007.1,+,9214848,9246866,GPBP1L1,XM_030278855.2,DV960486,SB03047B1G01.f1,0.001169434,1.26906427,0.048142815
1204,100220654,21,NC_045019.1,+,3806287,3801693,TNFRSF9,XM_030289621.2,DV960578,SB03047B2G09.f1,0.002320015,1.202511815,0.031671205
1205,100226300,12,NC_045011.1,+,20013586,19917410,WNK2,XM_030283213.2,DV960616,SB03048A1C03.f1,0.008005619,0.617408331,0.020279029
1206,100217590,6,NC_045005.1,+,30742114,30756383,ACADSB,XM_002189454.5,DV960672,SB03048A1H06.f1,0.02305943,1.390695364,0.049221544
1210,100224018,9,NC_045008.1,+,16990533,16943024,ABCC5,XM_030280492.2,DV960769,SB03048B1A03.f1,0.007637987,0.763935645,0.045404776
1211,100220898,8,NC_045007.1,+,27405765,27413603,SEC22B,XM_002192822.4,DV960835,SB03048B1G02.f1,0.003259073,1.297692694,0.038424123
1212,100219634,3,NC_045001.1,+,39270706,39241716,PNISR,XM_030267634.2,DV961181,SB03049B1F04.f1,0.013824783,0.722132783,0.027811953
1214,116808653,8,NC_045007.1,+,18243615,18195470,LOC116808653,XR_004368578.1,DV961233,SB03049B2C03.f1,0.001373179,0.600086132,0.007950602
1220,100232095,24,NC_045022.1,+,3345849,3295258,IGSF9B,XM_030290995.2,DV961255,SB03049B2E03.f1,0.013053512,0.685231156,0.026905468
1224,100232012,2,NC_045000.1,+,10349860,10043489,DIP2C,XM_030264295.2,DV961282,SB03049B2G08.f1,0.012540509,0.827947082,0.040328245
1230,100231523,5,NC_045004.1,+,60629700,60823889,MDGA2,XM_030275313.2,DV961371,SB03050A1H11.f1,0.004545664,1.619506689,0.049391771
1232,100231895,13,NC_045012.1,+,18388617,18407389,REEP2,XM_030283742.2,DV961508,SB03050B1E04.f1,0.006395367,0.544495447,0.016195078
1233,100226592,18,NC_045016.1,+,10702611,10773693,ANKFN1,XM_012578604.3,DV961545,SB03050B1H06.f1,0.018062505,0.803446718,0.036174911
1236,100190299,14,NC_045013.1,+,55225,42847,UBE2I,XM_012577839.3,DV961547,SB03050B1H08.f1,0.012682623,1.277526715,0.038867893
1239,100224679,1,NC_044998.1,+,90220007,90339483,COL4A1,XR_003961865.2,DV961874,SB03051B1F06.f1,0.003480514,0.636407883,0.017485991
1240,115490813,28,NC_045026.1,+,831755,829786,LOC115490813,XR_003956766.2,DV961953,SB03051B2E12.f1,0.001052185,0.484705485,0.003483562
